Year,District,House Size (sqft),Household Size,Energy Consumption (kWh),Price (in Rupees)
1990,Bengaluru,1232,3,69,34.50
1990,Bengaluru,1284,2,62,31.00
1990,Bengaluru,1672,4,50,25.00
1990,Bengaluru,1883,4,60,30.00
1990,Bengaluru,1612,4,67,33.50
1990,Bengaluru,1754,5,62,31.00
1990,Bengaluru,1600,5,66,33.00
1990,Bengaluru,1416,4,70,35.00
1990,Bengaluru,1916,5,68,34.00
1990,Tumakuru,1318,2,50,25.00
1990,Tumakuru,1551,4,59,29.50
1990,Tumakuru,1710,4,61,30.50
1990,Tumakuru,1723,2,61,30.50
1990,Tumakuru,1858,3,65,32.50
1990,Tumakuru,1734,2,62,31.00
1990,Tumakuru,1449,2,67,33.50
1990,Tumakuru,1868,3,67,33.50
1990,Tumakuru,1981,2,69,34.50
1990,Ballari,1883,5,58,29.00
1990,Ballari,1712,4,53,26.50
1990,Ballari,1620,4,62,31.00
1990,Ballari,1250,5,54,27.00
1990,Ballari,1897,4,53,26.50
1990,Ballari,1516,3,60,30.00
1990,Ballari,1421,4,68,34.00
1990,Ballari,1622,5,57,28.50
1990,Ballari,1435,5,55,27.50
1990,Belagavi,1943,2,61,30.50
1990,Belagavi,1866,4,51,25.50
1990,Belagavi,1246,4,60,30.00
1990,Belagavi,1209,2,68,34.00
1990,Belagavi,1281,5,62,31.00
1990,Belagavi,1291,5,53,26.50
1990,Belagavi,1355,5,54,27.00
1990,Belagavi,1893,4,63,31.50
1990,Belagavi,1557,3,63,31.50
1990,Dakshina Kannada,1401,4,57,28.50
1990,Dakshina Kannada,1536,3,54,27.00
1990,Dakshina Kannada,1387,4,64,32.00
1990,Dakshina Kannada,1759,5,70,35.00
1990,Dakshina Kannada,1622,5,69,34.50
1990,Dakshina Kannada,1351,3,69,34.50
1990,Dakshina Kannada,1804,5,53,26.50
1990,Dakshina Kannada,1572,5,56,28.00
1990,Dakshina Kannada,1495,3,69,34.50
1991,Bengaluru,1319,2,61,32.33
1991,Bengaluru,1480,4,65,34.45
1991,Bengaluru,1897,2,72,38.16
1991,Bengaluru,1872,5,60,31.80
1991,Bengaluru,1922,4,58,30.74
1991,Bengaluru,1924,3,71,37.63
1991,Bengaluru,1574,4,57,30.21
1991,Bengaluru,1499,4,60,31.80
1991,Bengaluru,1918,5,62,32.86
1991,Tumakuru,1477,2,66,34.98
1991,Tumakuru,1304,2,69,36.57
1991,Tumakuru,1234,2,53,28.09
1991,Tumakuru,1735,5,52,27.56
1991,Tumakuru,1363,5,71,37.63
1991,Tumakuru,1649,2,69,36.57
1991,Tumakuru,1297,2,55,29.15
1991,Tumakuru,1564,2,71,37.63
1991,Tumakuru,1540,2,60,31.80
1991,Ballari,1378,3,72,38.16
1991,Ballari,1293,5,64,33.92
1991,Ballari,1207,2,66,34.98
1991,Ballari,1232,2,59,31.27
1991,Ballari,1290,4,58,30.74
1991,Ballari,1621,4,66,34.98
1991,Ballari,1312,5,62,32.86
1991,Ballari,1272,2,63,33.39
1991,Ballari,1465,3,66,34.98
1991,Belagavi,1622,4,54,28.62
1991,Belagavi,1239,4,65,34.45
1991,Belagavi,1927,4,54,28.62
1991,Belagavi,1965,5,53,28.09
1991,Belagavi,1761,3,56,29.68
1991,Belagavi,1760,4,63,33.39
1991,Belagavi,1567,5,58,30.74
1991,Belagavi,1240,5,60,31.80
1991,Belagavi,1694,3,56,29.68
1991,Dakshina Kannada,1514,2,70,37.10
1991,Dakshina Kannada,1921,3,56,29.68
1991,Dakshina Kannada,1852,5,59,31.27
1991,Dakshina Kannada,1260,5,70,37.10
1991,Dakshina Kannada,1846,5,53,28.09
1991,Dakshina Kannada,1683,3,56,29.68
1991,Dakshina Kannada,1740,3,72,38.16
1991,Dakshina Kannada,1809,2,52,27.56
1991,Dakshina Kannada,1889,5,62,32.86
1992,Bengaluru,1602,3,61,34.27
1992,Bengaluru,1259,5,54,30.34
1992,Bengaluru,1610,3,68,38.20
1992,Bengaluru,1497,2,58,32.58
1992,Bengaluru,1556,2,55,30.90
1992,Bengaluru,1970,3,55,30.90
1992,Bengaluru,1531,3,62,34.83
1992,Bengaluru,1730,2,69,38.76
1992,Bengaluru,1603,5,71,39.89
1992,Tumakuru,1752,3,58,32.58
1992,Tumakuru,1802,5,63,35.39
1992,Tumakuru,1750,5,73,41.01
1992,Tumakuru,1510,2,72,40.45
1992,Tumakuru,1812,4,71,39.89
1992,Tumakuru,1441,4,54,30.34
1992,Tumakuru,1718,4,58,32.58
1992,Tumakuru,1844,5,72,40.45
1992,Tumakuru,1821,3,62,34.83
1992,Ballari,1307,4,70,39.33
1992,Ballari,1518,3,58,32.58
1992,Ballari,1854,5,70,39.33
1992,Ballari,1373,3,62,34.83
1992,Ballari,1643,4,73,41.01
1992,Ballari,1836,5,72,40.45
1992,Ballari,1241,4,67,37.64
1992,Ballari,1697,3,57,32.02
1992,Ballari,1375,4,56,31.46
1992,Belagavi,1735,4,55,30.90
1992,Belagavi,1629,3,54,30.34
1992,Belagavi,1974,4,60,33.71
1992,Belagavi,1406,4,57,32.02
1992,Belagavi,1379,3,57,32.02
1992,Belagavi,1844,5,60,33.71
1992,Belagavi,1464,5,68,38.20
1992,Belagavi,1259,3,70,39.33
1992,Belagavi,1883,2,69,38.76
1992,Dakshina Kannada,1424,4,74,41.57
1992,Dakshina Kannada,1559,2,63,35.39
1992,Dakshina Kannada,1473,5,74,41.57
1992,Dakshina Kannada,1576,5,65,36.52
1992,Dakshina Kannada,1353,2,61,34.27
1992,Dakshina Kannada,1342,5,73,41.01
1992,Dakshina Kannada,1925,3,56,31.46
1992,Dakshina Kannada,1919,5,66,37.08
1992,Dakshina Kannada,1242,2,62,34.83
1993,Bengaluru,1641,3,61,36.33
1993,Bengaluru,1480,5,60,35.73
1993,Bengaluru,1527,2,66,39.30
1993,Bengaluru,1877,5,56,33.35
1993,Bengaluru,1302,4,71,42.28
1993,Bengaluru,1283,5,66,39.30
1993,Bengaluru,1544,2,61,36.33
1993,Bengaluru,1868,2,57,33.94
1993,Bengaluru,1702,2,58,34.54
1993,Tumakuru,1303,3,72,42.88
1993,Tumakuru,1328,2,57,33.94
1993,Tumakuru,1989,2,59,35.13
1993,Tumakuru,1867,4,58,34.54
1993,Tumakuru,1887,3,66,39.30
1993,Tumakuru,1932,4,57,33.94
1993,Tumakuru,1781,5,70,41.69
1993,Tumakuru,1420,4,70,41.69
1993,Tumakuru,1633,3,64,38.11
1993,Ballari,1745,5,57,33.94
1993,Ballari,1216,4,72,42.88
1993,Ballari,1906,2,75,44.66
1993,Ballari,1533,3,69,41.09
1993,Ballari,1876,4,56,33.35
1993,Ballari,1394,5,63,37.52
1993,Ballari,1248,3,59,35.13
1993,Ballari,1240,5,73,43.47
1993,Ballari,1341,2,75,44.66
1993,Belagavi,1396,2,58,34.54
1993,Belagavi,1915,2,56,33.35
1993,Belagavi,1402,3,61,36.33
1993,Belagavi,1720,2,66,39.30
1993,Belagavi,1510,5,61,36.33
1993,Belagavi,1321,2,60,35.73
1993,Belagavi,1797,5,74,44.07
1993,Belagavi,1351,2,65,38.71
1993,Belagavi,1331,2,73,43.47
1993,Dakshina Kannada,1432,4,67,39.90
1993,Dakshina Kannada,1409,4,71,42.28
1993,Dakshina Kannada,1980,2,58,34.54
1993,Dakshina Kannada,1551,5,72,42.88
1993,Dakshina Kannada,1684,3,72,42.88
1993,Dakshina Kannada,1270,5,60,35.73
1993,Dakshina Kannada,1495,3,63,37.52
1993,Dakshina Kannada,1528,5,64,38.11
1993,Dakshina Kannada,1585,3,58,34.54
1994,Bengaluru,1822,4,63,39.77
1994,Bengaluru,1303,5,69,43.56
1994,Bengaluru,1285,3,64,40.40
1994,Bengaluru,1212,2,77,48.61
1994,Bengaluru,1235,4,68,42.92
1994,Bengaluru,1593,4,67,42.29
1994,Bengaluru,1634,4,58,36.61
1994,Bengaluru,1741,5,78,49.24
1994,Bengaluru,1595,2,72,45.45
1994,Tumakuru,1905,2,63,39.77
1994,Tumakuru,1705,5,65,41.03
1994,Tumakuru,1374,3,75,47.34
1994,Tumakuru,1927,2,65,41.03
1994,Tumakuru,1437,4,59,37.24
1994,Tumakuru,1228,4,61,38.51
1994,Tumakuru,1270,3,77,48.61
1994,Tumakuru,1566,2,64,40.40
1994,Tumakuru,1795,2,78,49.24
1994,Ballari,1269,3,71,44.82
1994,Ballari,1842,3,67,42.29
1994,Ballari,1462,4,70,44.19
1994,Ballari,1833,3,61,38.51
1994,Ballari,1730,2,61,38.51
1994,Ballari,1680,2,59,37.24
1994,Ballari,1404,5,72,45.45
1994,Ballari,1369,3,65,41.03
1994,Ballari,1270,3,71,44.82
1994,Belagavi,1950,2,62,39.14
1994,Belagavi,1246,3,68,42.92
1994,Belagavi,1801,5,64,40.40
1994,Belagavi,1226,5,62,39.14
1994,Belagavi,1406,5,77,48.61
1994,Belagavi,1718,3,72,45.45
1994,Belagavi,1498,4,63,39.77
1994,Belagavi,1283,2,58,36.61
1994,Belagavi,1273,3,62,39.14
1994,Dakshina Kannada,1616,5,75,47.34
1994,Dakshina Kannada,1720,2,69,43.56
1994,Dakshina Kannada,1746,3,74,46.71
1994,Dakshina Kannada,1311,4,75,47.34
1994,Dakshina Kannada,1260,3,60,37.87
1994,Dakshina Kannada,1845,3,62,39.14
1994,Dakshina Kannada,1642,3,76,47.97
1994,Dakshina Kannada,1562,4,75,47.34
1994,Dakshina Kannada,1470,3,73,46.08
1995,Bengaluru,1383,4,80,53.53
1995,Bengaluru,1623,3,67,44.83
1995,Bengaluru,1533,5,62,41.48
1995,Bengaluru,1428,4,76,50.85
1995,Bengaluru,1977,3,72,48.18
1995,Bengaluru,1325,4,68,45.50
1995,Bengaluru,1406,3,70,46.84
1995,Bengaluru,1828,3,75,50.18
1995,Bengaluru,1239,2,68,45.50
1995,Tumakuru,1366,2,78,52.19
1995,Tumakuru,1282,3,77,51.52
1995,Tumakuru,1381,4,73,48.85
1995,Tumakuru,1910,2,72,48.18
1995,Tumakuru,1219,2,60,40.15
1995,Tumakuru,1369,3,74,49.51
1995,Tumakuru,1714,4,68,45.50
1995,Tumakuru,1957,4,61,40.82
1995,Tumakuru,1497,2,61,40.82
1995,Ballari,1207,2,74,49.51
1995,Ballari,1407,3,79,52.86
1995,Ballari,1634,2,60,40.15
1995,Ballari,1347,2,80,53.53
1995,Ballari,1975,4,68,45.50
1995,Ballari,1949,4,60,40.15
1995,Ballari,1474,5,75,50.18
1995,Ballari,1683,4,80,53.53
1995,Ballari,1355,2,67,44.83
1995,Belagavi,1865,3,68,45.50
1995,Belagavi,1548,4,75,50.18
1995,Belagavi,1604,5,77,51.52
1995,Belagavi,1851,2,72,48.18
1995,Belagavi,1316,4,79,52.86
1995,Belagavi,1471,2,79,52.86
1995,Belagavi,1372,3,79,52.86
1995,Belagavi,1326,4,70,46.84
1995,Belagavi,1742,4,76,50.85
1995,Dakshina Kannada,1456,4,71,47.51
1995,Dakshina Kannada,1822,4,74,49.51
1995,Dakshina Kannada,1259,4,72,48.18
1995,Dakshina Kannada,1586,5,61,40.82
1995,Dakshina Kannada,1517,3,61,40.82
1995,Dakshina Kannada,1303,3,79,52.86
1995,Dakshina Kannada,1889,3,78,52.19
1995,Dakshina Kannada,1643,2,76,50.85
1995,Dakshina Kannada,1540,5,63,42.15
1996,Bengaluru,1265,5,73,51.78
1996,Bengaluru,1305,2,67,47.52
1996,Bengaluru,1906,3,68,48.23
1996,Bengaluru,1454,3,71,50.36
1996,Bengaluru,1643,2,69,48.94
1996,Bengaluru,1207,3,78,55.32
1996,Bengaluru,1882,4,67,47.52
1996,Bengaluru,1484,2,65,46.10
1996,Bengaluru,1713,4,74,52.49
1996,Tumakuru,1999,5,65,46.10
1996,Tumakuru,1832,3,74,52.49
1996,Tumakuru,1521,3,63,44.68
1996,Tumakuru,1205,4,65,46.10
1996,Tumakuru,1726,3,74,52.49
1996,Tumakuru,1777,2,73,51.78
1996,Tumakuru,1557,5,65,46.10
1996,Tumakuru,1652,3,66,46.81
1996,Tumakuru,1567,4,82,58.16
1996,Ballari,1899,4,76,53.90
1996,Ballari,1983,2,69,48.94
1996,Ballari,1405,4,68,48.23
1996,Ballari,1889,2,73,51.78
1996,Ballari,1911,2,82,58.16
1996,Ballari,1920,5,75,53.19
1996,Ballari,1227,4,75,53.19
1996,Ballari,1579,2,68,48.23
1996,Ballari,1913,5,66,46.81
1996,Belagavi,1667,3,69,48.94
1996,Belagavi,1261,2,79,56.03
1996,Belagavi,1495,2,70,49.65
1996,Belagavi,1572,4,62,43.97
1996,Belagavi,1221,5,82,58.16
1996,Belagavi,1661,5,68,48.23
1996,Belagavi,1301,3,71,50.36
1996,Belagavi,1253,3,72,51.07
1996,Belagavi,1776,2,77,54.61
1996,Dakshina Kannada,1538,5,80,56.74
1996,Dakshina Kannada,1737,2,66,46.81
1996,Dakshina Kannada,1817,2,65,46.10
1996,Dakshina Kannada,1259,5,71,50.36
1996,Dakshina Kannada,1414,5,79,56.03
1996,Dakshina Kannada,1855,3,73,51.78
1996,Dakshina Kannada,1979,2,80,56.74
1996,Dakshina Kannada,1775,5,67,47.52
1996,Dakshina Kannada,1306,4,72,51.07
1997,Bengaluru,1849,4,67,50.37
1997,Bengaluru,1232,3,79,59.39
1997,Bengaluru,1440,2,77,57.89
1997,Bengaluru,1433,3,72,54.13
1997,Bengaluru,1286,3,80,60.15
1997,Bengaluru,1675,5,80,60.15
1997,Bengaluru,1481,2,78,58.64
1997,Bengaluru,1474,3,73,54.88
1997,Bengaluru,1369,4,76,57.14
1997,Tumakuru,1707,4,79,59.39
1997,Tumakuru,1983,4,74,55.63
1997,Tumakuru,1270,5,78,58.64
1997,Tumakuru,1218,2,67,50.37
1997,Tumakuru,1801,3,79,59.39
1997,Tumakuru,1405,4,80,60.15
1997,Tumakuru,1595,3,81,60.90
1997,Tumakuru,1383,3,84,63.15
1997,Tumakuru,1203,5,80,60.15
1997,Ballari,1669,4,72,54.13
1997,Ballari,1865,2,83,62.40
1997,Ballari,1434,2,64,48.12
1997,Ballari,1396,2,66,49.62
1997,Ballari,1619,5,74,55.63
1997,Ballari,1249,4,83,62.40
1997,Ballari,1475,3,77,57.89
1997,Ballari,1827,4,67,50.37
1997,Ballari,1422,4,82,61.65
1997,Belagavi,1945,2,84,63.15
1997,Belagavi,1641,3,65,48.87
1997,Belagavi,1730,4,73,54.88
1997,Belagavi,1382,5,82,61.65
1997,Belagavi,1445,4,81,60.90
1997,Belagavi,1567,2,67,50.37
1997,Belagavi,1204,3,83,62.40
1997,Belagavi,1489,4,70,52.63
1997,Belagavi,1682,4,75,56.39
1997,Dakshina Kannada,1803,4,78,58.64
1997,Dakshina Kannada,1834,4,80,60.15
1997,Dakshina Kannada,1423,3,82,61.65
1997,Dakshina Kannada,1283,2,80,60.15
1997,Dakshina Kannada,1730,4,79,59.39
1997,Dakshina Kannada,1317,5,81,60.90
1997,Dakshina Kannada,1661,4,72,54.13
1997,Dakshina Kannada,1523,3,64,48.12
1997,Dakshina Kannada,1414,3,73,54.88
1998,Bengaluru,1847,2,67,53.39
1998,Bengaluru,1899,4,68,54.19
1998,Bengaluru,1412,5,86,68.54
1998,Bengaluru,1671,2,82,65.35
1998,Bengaluru,1418,4,82,65.35
1998,Bengaluru,1465,3,81,64.55
1998,Bengaluru,1261,4,77,61.36
1998,Bengaluru,1657,5,85,67.74
1998,Bengaluru,1988,2,82,65.35
1998,Tumakuru,1214,2,81,64.55
1998,Tumakuru,1994,2,78,62.16
1998,Tumakuru,1373,2,85,67.74
1998,Tumakuru,1260,2,72,57.38
1998,Tumakuru,1996,4,86,68.54
1998,Tumakuru,1225,2,66,52.60
1998,Tumakuru,1799,5,68,54.19
1998,Tumakuru,1292,4,79,62.96
1998,Tumakuru,1222,3,69,54.99
1998,Ballari,1803,5,78,62.16
1998,Ballari,1733,3,73,58.18
1998,Ballari,1439,2,72,57.38
1998,Ballari,1738,2,78,62.16
1998,Ballari,1885,5,75,59.77
1998,Ballari,1935,4,73,58.18
1998,Ballari,1650,4,83,66.14
1998,Ballari,1657,2,72,57.38
1998,Ballari,1393,3,81,64.55
1998,Belagavi,1775,3,82,65.35
1998,Belagavi,1633,3,75,59.77
1998,Belagavi,1773,4,81,64.55
1998,Belagavi,1785,3,68,54.19
1998,Belagavi,1523,3,83,66.14
1998,Belagavi,1371,5,85,67.74
1998,Belagavi,1378,5,80,63.75
1998,Belagavi,1664,2,73,58.18
1998,Belagavi,1830,4,82,65.35
1998,Dakshina Kannada,1804,4,79,62.96
1998,Dakshina Kannada,1445,4,72,57.38
1998,Dakshina Kannada,1298,5,71,56.58
1998,Dakshina Kannada,1346,5,86,68.54
1998,Dakshina Kannada,1643,2,78,62.16
1998,Dakshina Kannada,1651,5,73,58.18
1998,Dakshina Kannada,1660,4,78,62.16
1998,Dakshina Kannada,1687,3,70,55.78
1998,Dakshina Kannada,1998,4,84,66.94
1999,Bengaluru,1971,2,77,65.04
1999,Bengaluru,1911,2,69,58.29
1999,Bengaluru,1729,4,68,57.44
1999,Bengaluru,1405,5,85,71.80
1999,Bengaluru,1896,3,86,72.65
1999,Bengaluru,1607,2,82,69.27
1999,Bengaluru,1836,4,86,72.65
1999,Bengaluru,1368,5,81,68.42
1999,Bengaluru,1585,5,87,73.49
1999,Tumakuru,1746,5,69,58.29
1999,Tumakuru,1490,3,87,73.49
1999,Tumakuru,1223,2,72,60.82
1999,Tumakuru,1857,3,75,63.36
1999,Tumakuru,1866,2,68,57.44
1999,Tumakuru,1480,2,73,61.67
1999,Tumakuru,1286,3,79,66.73
1999,Tumakuru,1714,2,77,65.04
1999,Tumakuru,1932,2,80,67.58
1999,Ballari,1988,4,86,72.65
1999,Ballari,1947,4,73,61.67
1999,Ballari,1794,3,82,69.27
1999,Ballari,1881,3,71,59.98
1999,Ballari,1885,2,83,70.11
1999,Ballari,1817,4,74,62.51
1999,Ballari,1909,5,78,65.89
1999,Ballari,1706,5,76,64.20
1999,Ballari,1961,4,83,70.11
1999,Belagavi,1699,4,70,59.13
1999,Belagavi,1394,3,86,72.65
1999,Belagavi,1585,5,77,65.04
1999,Belagavi,1208,2,74,62.51
1999,Belagavi,1366,4,74,62.51
1999,Belagavi,1417,2,87,73.49
1999,Belagavi,1497,2,78,65.89
1999,Belagavi,1727,3,84,70.96
1999,Belagavi,1520,3,86,72.65
1999,Dakshina Kannada,1864,4,78,65.89
1999,Dakshina Kannada,1366,4,82,69.27
1999,Dakshina Kannada,1751,2,69,58.29
1999,Dakshina Kannada,1902,3,74,62.51
1999,Dakshina Kannada,1793,5,73,61.67
1999,Dakshina Kannada,1440,3,70,59.13
1999,Dakshina Kannada,1305,2,84,70.96
1999,Dakshina Kannada,1990,5,71,59.98
1999,Dakshina Kannada,1475,5,68,57.44
2000,Bengaluru,1482,3,84,75.22
2000,Bengaluru,1462,5,87,77.90
2000,Bengaluru,1879,4,85,76.11
2000,Bengaluru,1932,2,87,77.90
2000,Bengaluru,1220,4,80,71.63
2000,Bengaluru,1993,4,82,73.42
2000,Bengaluru,1215,3,72,64.47
2000,Bengaluru,1354,5,72,64.47
2000,Bengaluru,1295,3,87,77.90
2000,Tumakuru,1835,5,80,71.63
2000,Tumakuru,1633,2,74,66.26
2000,Tumakuru,1804,5,85,76.11
2000,Tumakuru,1649,2,86,77.01
2000,Tumakuru,1495,2,70,62.68
2000,Tumakuru,1992,3,88,78.80
2000,Tumakuru,1748,3,70,62.68
2000,Tumakuru,1951,5,70,62.68
2000,Tumakuru,1879,4,70,62.68
2000,Ballari,1287,4,89,79.69
2000,Ballari,1903,3,77,68.95
2000,Ballari,1654,5,86,77.01
2000,Ballari,1204,5,88,78.80
2000,Ballari,1220,3,72,64.47
2000,Ballari,1794,3,80,71.63
2000,Ballari,1962,4,80,71.63
2000,Ballari,1418,2,87,77.90
2000,Ballari,1755,4,85,76.11
2000,Belagavi,1719,3,89,79.69
2000,Belagavi,1216,3,87,77.90
2000,Belagavi,1526,3,75,67.16
2000,Belagavi,1795,4,88,78.80
2000,Belagavi,1869,5,80,71.63
2000,Belagavi,1917,5,75,67.16
2000,Belagavi,1383,4,74,66.26
2000,Belagavi,1874,5,77,68.95
2000,Belagavi,1943,5,81,72.53
2000,Dakshina Kannada,1242,2,84,75.22
2000,Dakshina Kannada,1829,4,87,77.90
2000,Dakshina Kannada,1583,3,88,78.80
2000,Dakshina Kannada,1623,2,77,68.95
2000,Dakshina Kannada,1816,4,88,78.80
2000,Dakshina Kannada,1513,2,90,80.59
2000,Dakshina Kannada,1213,4,79,70.74
2000,Dakshina Kannada,1883,4,85,76.11
2000,Dakshina Kannada,1328,4,74,66.26
2001,Bengaluru,1356,4,81,76.88
2001,Bengaluru,1930,5,87,82.58
2001,Bengaluru,1831,2,75,71.19
2001,Bengaluru,1366,5,80,75.93
2001,Bengaluru,1275,3,83,78.78
2001,Bengaluru,1334,3,92,87.32
2001,Bengaluru,1905,4,74,70.24
2001,Bengaluru,1300,3,73,69.29
2001,Bengaluru,1642,4,77,73.08
2001,Tumakuru,1326,3,77,73.08
2001,Tumakuru,1922,2,81,76.88
2001,Tumakuru,1413,5,72,68.34
2001,Tumakuru,1928,4,77,73.08
2001,Tumakuru,1810,4,90,85.42
2001,Tumakuru,1980,2,74,70.24
2001,Tumakuru,1948,5,85,80.68
2001,Tumakuru,1653,3,82,77.83
2001,Tumakuru,1523,4,73,69.29
2001,Ballari,1676,4,80,75.93
2001,Ballari,1916,4,89,84.47
2001,Ballari,1842,5,79,74.98
2001,Ballari,1891,3,83,78.78
2001,Ballari,1479,5,75,71.19
2001,Ballari,1814,4,72,68.34
2001,Ballari,1642,4,77,73.08
2001,Ballari,1695,5,84,79.73
2001,Ballari,1900,2,92,87.32
2001,Belagavi,1644,5,89,84.47
2001,Belagavi,1743,3,79,74.98
2001,Belagavi,1303,4,86,81.63
2001,Belagavi,1956,5,83,78.78
2001,Belagavi,1397,3,88,83.53
2001,Belagavi,1609,4,87,82.58
2001,Belagavi,1652,3,81,76.88
2001,Belagavi,1637,3,80,75.93
2001,Belagavi,1254,4,92,87.32
2001,Dakshina Kannada,1741,2,90,85.42
2001,Dakshina Kannada,1875,3,77,73.08
2001,Dakshina Kannada,1667,5,82,77.83
2001,Dakshina Kannada,1941,2,72,68.34
2001,Dakshina Kannada,1860,3,79,74.98
2001,Dakshina Kannada,1811,5,74,70.24
2001,Dakshina Kannada,1474,3,76,72.14
2001,Dakshina Kannada,1995,2,90,85.42
2001,Dakshina Kannada,1327,4,82,77.83
2002,Bengaluru,1769,5,89,89.54
2002,Bengaluru,1376,4,91,91.55
2002,Bengaluru,1634,2,90,90.55
2002,Bengaluru,1398,4,88,88.54
2002,Bengaluru,1903,2,86,86.52
2002,Bengaluru,1455,2,91,91.55
2002,Bengaluru,1202,2,83,83.51
2002,Bengaluru,1235,4,85,85.52
2002,Bengaluru,1877,2,74,74.45
2002,Tumakuru,1205,2,74,74.45
2002,Tumakuru,1470,3,81,81.49
2002,Tumakuru,1423,2,75,75.46
2002,Tumakuru,1433,2,90,90.55
2002,Tumakuru,1253,4,82,82.50
2002,Tumakuru,1545,4,84,84.51
2002,Tumakuru,1659,3,78,78.48
2002,Tumakuru,1274,5,78,78.48
2002,Tumakuru,1898,5,84,84.51
2002,Ballari,1772,5,91,91.55
2002,Ballari,1893,3,94,94.57
2002,Ballari,1488,3,74,74.45
2002,Ballari,1445,5,89,89.54
2002,Ballari,1741,2,81,81.49
2002,Ballari,1935,5,92,92.56
2002,Ballari,1868,2,84,84.51
2002,Ballari,1980,2,79,79.48
2002,Ballari,1992,3,79,79.48
2002,Belagavi,1264,2,87,87.53
2002,Belagavi,1823,4,76,76.46
2002,Belagavi,1486,3,89,89.54
2002,Belagavi,1932,3,83,83.51
2002,Belagavi,1270,5,84,84.51
2002,Belagavi,1538,5,80,80.49
2002,Belagavi,1607,3,81,81.49
2002,Belagavi,1731,3,88,88.54
2002,Belagavi,1513,5,89,89.54
2002,Dakshina Kannada,1995,2,75,75.46
2002,Dakshina Kannada,1571,5,91,91.55
2002,Dakshina Kannada,1750,5,74,74.45
2002,Dakshina Kannada,1990,2,89,89.54
2002,Dakshina Kannada,1562,5,83,83.51
2002,Dakshina Kannada,1416,4,93,93.57
2002,Dakshina Kannada,1509,4,87,87.53
2002,Dakshina Kannada,1245,2,92,92.56
2002,Dakshina Kannada,1680,3,85,85.52
2003,Bengaluru,1540,2,77,82.12
2003,Bengaluru,1825,5,85,90.65
2003,Bengaluru,1231,4,85,90.65
2003,Bengaluru,1305,2,81,86.38
2003,Bengaluru,1624,5,91,97.05
2003,Bengaluru,1644,3,81,86.38
2003,Bengaluru,1368,2,91,97.05
2003,Bengaluru,1367,3,84,89.58
2003,Bengaluru,1596,5,82,87.45
2003,Tumakuru,1517,2,77,82.12
2003,Tumakuru,1506,5,83,88.52
2003,Tumakuru,1978,5,83,88.52
2003,Tumakuru,1784,2,78,83.18
2003,Tumakuru,1284,4,87,92.78
2003,Tumakuru,1210,3,82,87.45
2003,Tumakuru,1737,2,77,82.12
2003,Tumakuru,1799,2,78,83.18
2003,Tumakuru,1369,3,76,81.05
2003,Ballari,1653,3,81,86.38
2003,Ballari,1854,4,84,89.58
2003,Ballari,1467,4,87,92.78
2003,Ballari,1507,2,82,87.45
2003,Ballari,1668,5,79,84.25
2003,Ballari,1970,5,86,91.72
2003,Ballari,1687,5,84,89.58
2003,Ballari,1606,5,86,91.72
2003,Ballari,1589,3,92,98.11
2003,Belagavi,1273,4,90,95.98
2003,Belagavi,1521,5,77,82.12
2003,Belagavi,1808,4,84,89.58
2003,Belagavi,1350,5,79,84.25
2003,Belagavi,1609,3,86,91.72
2003,Belagavi,1751,3,79,84.25
2003,Belagavi,1850,5,81,86.38
2003,Belagavi,1363,2,83,88.52
2003,Belagavi,1635,4,87,92.78
2003,Dakshina Kannada,1254,2,96,102.38
2003,Dakshina Kannada,1320,4,81,86.38
2003,Dakshina Kannada,1357,3,94,100.25
2003,Dakshina Kannada,1644,3,83,88.52
2003,Dakshina Kannada,1435,4,84,89.58
2003,Dakshina Kannada,1765,2,93,99.18
2003,Dakshina Kannada,1430,3,80,85.32
2003,Dakshina Kannada,1971,2,88,93.85
2003,Dakshina Kannada,1235,5,94,100.25
2004,Bengaluru,1672,5,93,105.13
2004,Bengaluru,1418,2,95,107.39
2004,Bengaluru,1269,2,85,96.09
2004,Bengaluru,1265,5,90,101.74
2004,Bengaluru,1512,4,88,99.48
2004,Bengaluru,1378,2,85,96.09
2004,Bengaluru,1548,3,79,89.31
2004,Bengaluru,1342,3,88,99.48
2004,Bengaluru,1416,2,84,94.96
2004,Tumakuru,1705,4,78,88.18
2004,Tumakuru,1945,2,78,88.18
2004,Tumakuru,1403,2,95,107.39
2004,Tumakuru,1734,5,96,108.52
2004,Tumakuru,1251,3,85,96.09
2004,Tumakuru,1492,3,93,105.13
2004,Tumakuru,1434,5,87,98.35
2004,Tumakuru,1563,2,80,90.44
2004,Tumakuru,1693,5,86,97.22
2004,Ballari,1302,5,90,101.74
2004,Ballari,1889,4,82,92.70
2004,Ballari,1238,5,79,89.31
2004,Ballari,1677,3,98,110.78
2004,Ballari,1968,2,84,94.96
2004,Ballari,1633,3,86,97.22
2004,Ballari,1641,5,82,92.70
2004,Ballari,1983,3,86,97.22
2004,Ballari,1667,3,95,107.39
2004,Belagavi,1602,4,86,97.22
2004,Belagavi,1858,2,96,108.52
2004,Belagavi,1466,4,91,102.87
2004,Belagavi,1325,3,78,88.18
2004,Belagavi,1900,2,88,99.48
2004,Belagavi,1247,2,80,90.44
2004,Belagavi,1432,3,97,109.65
2004,Belagavi,1475,3,95,107.39
2004,Belagavi,1699,2,79,89.31
2004,Dakshina Kannada,1498,3,92,104.00
2004,Dakshina Kannada,1803,3,92,104.00
2004,Dakshina Kannada,1215,5,88,99.48
2004,Dakshina Kannada,1433,2,86,97.22
2004,Dakshina Kannada,1747,2,94,106.26
2004,Dakshina Kannada,1644,5,80,90.44
2004,Dakshina Kannada,1239,3,92,104.00
2004,Dakshina Kannada,1299,3,78,88.18
2004,Dakshina Kannada,1750,2,92,104.00
2005,Bengaluru,1769,2,82,98.26
2005,Bengaluru,1324,4,89,106.65
2005,Bengaluru,1760,2,93,111.44
2005,Bengaluru,1316,2,81,97.06
2005,Bengaluru,1761,5,89,106.65
2005,Bengaluru,1544,5,86,103.05
2005,Bengaluru,1719,3,88,105.45
2005,Bengaluru,1737,3,96,115.03
2005,Bengaluru,1970,4,90,107.85
2005,Tumakuru,1697,4,82,98.26
2005,Tumakuru,1787,2,96,115.03
2005,Tumakuru,1268,2,94,112.64
2005,Tumakuru,1364,4,83,99.46
2005,Tumakuru,1502,3,86,103.05
2005,Tumakuru,1413,2,80,95.86
2005,Tumakuru,1923,3,93,111.44
2005,Tumakuru,1556,4,84,100.66
2005,Tumakuru,1595,2,88,105.45
2005,Ballari,1408,3,92,110.24
2005,Ballari,1842,2,99,118.63
2005,Ballari,1315,4,100,119.83
2005,Ballari,1723,3,85,101.85
2005,Ballari,1265,3,81,97.06
2005,Ballari,1779,4,98,117.43
2005,Ballari,1271,4,81,97.06
2005,Ballari,1550,3,96,115.03
2005,Ballari,1287,2,97,116.23
2005,Belagavi,1764,2,91,109.04
2005,Belagavi,1852,2,84,100.66
2005,Belagavi,1360,3,87,104.25
2005,Belagavi,1889,5,91,109.04
2005,Belagavi,1577,2,86,103.05
2005,Belagavi,1383,3,100,119.83
2005,Belagavi,1566,4,92,110.24
2005,Belagavi,1366,3,92,110.24
2005,Belagavi,1298,3,84,100.66
2005,Dakshina Kannada,1928,2,88,105.45
2005,Dakshina Kannada,1916,3,86,103.05
2005,Dakshina Kannada,1501,2,83,99.46
2005,Dakshina Kannada,1770,4,82,98.26
2005,Dakshina Kannada,1610,5,81,97.06
2005,Dakshina Kannada,1474,2,97,116.23
2005,Dakshina Kannada,1984,3,91,109.04
2005,Dakshina Kannada,1848,5,87,104.25
2005,Dakshina Kannada,1377,4,80,95.86
2006,Bengaluru,1841,4,470,596.98
2006,Bengaluru,1772,3,701,890.39
2006,Bengaluru,1268,3,444,563.96
2006,Bengaluru,1744,4,551,699.87
2006,Bengaluru,1667,5,731,928.50
2006,Bengaluru,1408,4,568,721.46
2006,Bengaluru,1835,2,481,610.95
2006,Bengaluru,1979,4,607,771.00
2006,Bengaluru,1350,2,537,682.08
2006,Tumakuru,1357,5,421,534.74
2006,Tumakuru,1739,5,517,656.68
2006,Tumakuru,1606,2,718,911.99
2006,Tumakuru,1981,5,802,1018.68
2006,Tumakuru,1465,4,546,693.52
2006,Tumakuru,1907,4,768,975.50
2006,Tumakuru,1401,2,704,894.20
2006,Tumakuru,1437,4,519,659.22
2006,Tumakuru,1469,5,462,586.82
2006,Ballari,1761,2,778,988.20
2006,Ballari,1841,5,490,622.39
2006,Ballari,1446,4,508,645.25
2006,Ballari,1608,4,475,603.33
2006,Ballari,1404,5,473,600.79
2006,Ballari,1348,3,731,928.50
2006,Ballari,1804,5,531,674.46
2006,Ballari,1242,2,787,999.63
2006,Ballari,1480,2,651,826.88
2006,Belagavi,1501,4,472,599.52
2006,Belagavi,1661,5,620,787.51
2006,Belagavi,1596,4,538,683.35
2006,Belagavi,1453,2,802,1018.68
2006,Belagavi,1274,3,601,763.38
2006,Belagavi,1954,4,797,1012.33
2006,Belagavi,1595,5,654,830.70
2006,Belagavi,1793,5,501,636.36
2006,Belagavi,1533,5,449,570.31
2006,Dakshina Kannada,1471,4,729,925.96
2006,Dakshina Kannada,1805,2,787,999.63
2006,Dakshina Kannada,1792,5,620,787.51
2006,Dakshina Kannada,1859,4,793,1007.25
2006,Dakshina Kannada,1391,5,580,736.70
2006,Dakshina Kannada,1759,3,740,939.93
2006,Dakshina Kannada,1618,2,534,678.27
2006,Dakshina Kannada,1305,2,532,675.73
2006,Dakshina Kannada,1416,5,765,971.68
2007,Bengaluru,1319,5,655,881.88
2007,Bengaluru,1679,2,496,667.81
2007,Bengaluru,1471,3,794,1069.03
2007,Bengaluru,1505,2,522,702.81
2007,Bengaluru,1778,4,476,640.88
2007,Bengaluru,1502,5,434,584.33
2007,Bengaluru,1366,2,601,809.18
2007,Bengaluru,1861,2,734,988.25
2007,Bengaluru,1746,5,595,801.10
2007,Tumakuru,1583,3,738,993.63
2007,Tumakuru,1852,3,764,1028.64
2007,Tumakuru,1751,5,473,636.84
2007,Tumakuru,1937,2,656,883.23
2007,Tumakuru,1822,3,664,894.00
2007,Tumakuru,1325,5,437,588.37
2007,Tumakuru,1700,3,622,837.45
2007,Tumakuru,1582,5,692,931.70
2007,Tumakuru,1378,4,416,560.10
2007,Ballari,1801,2,638,858.99
2007,Ballari,1509,3,466,627.42
2007,Ballari,1219,2,535,720.32
2007,Ballari,1668,3,443,596.45
2007,Ballari,1832,3,532,716.28
2007,Ballari,1999,4,567,763.40
2007,Ballari,1919,2,610,821.30
2007,Ballari,1699,2,514,692.04
2007,Ballari,1870,4,780,1050.18
2007,Belagavi,1748,5,779,1048.84
2007,Belagavi,1900,5,753,1013.83
2007,Belagavi,1439,2,586,788.98
2007,Belagavi,1820,4,486,654.34
2007,Belagavi,1712,5,731,984.21
2007,Belagavi,1895,3,547,736.47
2007,Belagavi,1249,2,630,848.22
2007,Belagavi,1677,3,606,815.91
2007,Belagavi,1655,3,548,737.82
2007,Dakshina Kannada,1829,4,425,572.21
2007,Dakshina Kannada,1924,5,789,1062.30
2007,Dakshina Kannada,1523,4,590,794.37
2007,Dakshina Kannada,1439,4,450,605.87
2007,Dakshina Kannada,1896,3,598,805.14
2007,Dakshina Kannada,1482,2,644,867.07
2007,Dakshina Kannada,1208,2,452,608.57
2007,Dakshina Kannada,1483,2,443,596.45
2007,Dakshina Kannada,1989,4,485,653.00
2008,Bengaluru,1884,3,440,627.95
2008,Bengaluru,1249,2,616,879.14
2008,Bengaluru,1918,4,561,800.64
2008,Bengaluru,1606,2,490,699.31
2008,Bengaluru,1519,4,689,983.32
2008,Bengaluru,1342,2,458,653.64
2008,Bengaluru,1644,3,637,909.11
2008,Bengaluru,1570,4,530,756.40
2008,Bengaluru,1316,3,461,657.93
2008,Tumakuru,1269,2,519,740.70
2008,Tumakuru,1809,4,754,1076.09
2008,Tumakuru,1884,4,488,696.46
2008,Tumakuru,1477,3,669,954.78
2008,Tumakuru,1531,3,688,981.89
2008,Tumakuru,1447,2,591,843.46
2008,Tumakuru,1268,5,591,843.46
2008,Tumakuru,1572,2,476,679.33
2008,Tumakuru,1913,3,432,616.54
2008,Ballari,1444,3,719,1026.13
2008,Ballari,1465,2,508,725.00
2008,Ballari,1875,2,491,700.74
2008,Ballari,1995,5,600,856.30
2008,Ballari,1517,4,428,610.83
2008,Ballari,1585,5,638,910.53
2008,Ballari,1435,4,600,856.30
2008,Ballari,1718,3,476,679.33
2008,Ballari,1926,4,473,675.05
2008,Belagavi,1403,2,442,630.81
2008,Belagavi,1895,2,811,1157.43
2008,Belagavi,1527,3,477,680.76
2008,Belagavi,1262,4,695,991.88
2008,Belagavi,1879,5,752,1073.23
2008,Belagavi,1286,3,542,773.53
2008,Belagavi,1446,4,713,1017.57
2008,Belagavi,1641,4,451,643.65
2008,Belagavi,1570,5,582,830.61
2008,Dakshina Kannada,1211,4,744,1061.81
2008,Dakshina Kannada,1455,4,803,1146.02
2008,Dakshina Kannada,1260,2,559,797.79
2008,Dakshina Kannada,1959,2,661,943.36
2008,Dakshina Kannada,1951,5,514,733.57
2008,Dakshina Kannada,1775,3,430,613.68
2008,Dakshina Kannada,1417,4,431,615.11
2008,Dakshina Kannada,1494,4,805,1148.87
2008,Dakshina Kannada,1276,2,779,1111.77
2009,Bengaluru,1912,4,722,1092.24
2009,Bengaluru,1285,5,657,993.91
2009,Bengaluru,1912,5,724,1095.27
2009,Bengaluru,1624,3,642,971.22
2009,Bengaluru,1861,5,514,777.58
2009,Bengaluru,1415,4,727,1099.81
2009,Bengaluru,1964,4,780,1179.98
2009,Bengaluru,1627,2,636,962.14
2009,Bengaluru,1804,4,657,993.91
2009,Tumakuru,1545,2,551,833.55
2009,Tumakuru,1386,5,424,641.43
2009,Tumakuru,1830,4,799,1208.73
2009,Tumakuru,1939,3,445,673.20
2009,Tumakuru,1870,2,556,841.12
2009,Tumakuru,1228,2,512,774.55
2009,Tumakuru,1392,2,476,720.09
2009,Tumakuru,1780,3,717,1084.68
2009,Tumakuru,1299,2,607,918.27
2009,Ballari,1412,2,717,1084.68
2009,Ballari,1419,3,595,900.12
2009,Ballari,1815,5,581,878.94
2009,Ballari,1672,5,538,813.89
2009,Ballari,1392,3,629,951.55
2009,Ballari,1225,4,557,842.63
2009,Ballari,1412,2,616,931.88
2009,Ballari,1257,5,488,738.25
2009,Ballari,1460,3,795,1202.68
2009,Belagavi,1766,4,807,1220.83
2009,Belagavi,1763,3,584,883.48
2009,Belagavi,1851,4,470,711.02
2009,Belagavi,1496,5,480,726.14
2009,Belagavi,1417,2,552,835.07
2009,Belagavi,1282,5,775,1172.42
2009,Belagavi,1818,4,534,807.84
2009,Belagavi,1968,2,752,1137.63
2009,Belagavi,1203,2,626,947.01
2009,Dakshina Kannada,1260,2,668,1010.55
2009,Dakshina Kannada,1799,3,606,916.76
2009,Dakshina Kannada,1358,3,522,789.68
2009,Dakshina Kannada,1842,5,738,1116.45
2009,Dakshina Kannada,1575,4,549,830.53
2009,Dakshina Kannada,1552,2,618,934.91
2009,Dakshina Kannada,1304,4,488,738.25
2009,Dakshina Kannada,1457,2,764,1155.78
2009,Dakshina Kannada,1985,2,510,771.53
2010,Bengaluru,1497,3,801,1284.46
2010,Bengaluru,1937,3,510,817.82
2010,Bengaluru,1766,3,718,1151.36
2010,Bengaluru,1251,4,640,1026.28
2010,Bengaluru,1944,4,783,1255.59
2010,Bengaluru,1674,4,702,1125.70
2010,Bengaluru,1831,2,797,1278.04
2010,Bengaluru,1998,4,642,1029.49
2010,Bengaluru,1485,4,785,1258.80
2010,Tumakuru,1813,5,735,1178.62
2010,Tumakuru,1788,3,633,1015.06
2010,Tumakuru,1900,5,694,1112.88
2010,Tumakuru,1681,2,657,1053.54
2010,Tumakuru,1661,3,682,1093.63
2010,Tumakuru,1329,3,658,1055.15
2010,Tumakuru,1661,4,709,1136.93
2010,Tumakuru,1827,5,489,784.14
2010,Tumakuru,1322,5,667,1069.58
2010,Ballari,1645,4,497,796.97
2010,Ballari,1625,2,776,1244.37
2010,Ballari,1810,5,464,744.06
2010,Ballari,1434,5,759,1217.11
2010,Ballari,1912,5,452,724.81
2010,Ballari,1615,4,492,788.96
2010,Ballari,1511,3,610,978.18
2010,Ballari,1632,4,426,683.12
2010,Ballari,1709,3,638,1023.08
2010,Belagavi,1307,2,744,1193.05
2010,Belagavi,1997,4,619,992.61
2010,Belagavi,1227,5,803,1287.66
2010,Belagavi,1374,5,503,806.59
2010,Belagavi,1558,2,743,1191.45
2010,Belagavi,1810,5,777,1245.97
2010,Belagavi,1770,3,436,699.16
2010,Belagavi,1961,5,455,729.62
2010,Belagavi,1437,2,783,1255.59
2010,Dakshina Kannada,1278,5,687,1101.65
2010,Dakshina Kannada,1248,4,442,708.78
2010,Dakshina Kannada,1547,2,590,946.10
2010,Dakshina Kannada,1709,5,808,1295.68
2010,Dakshina Kannada,1428,2,669,1072.79
2010,Dakshina Kannada,1648,3,767,1229.94
2010,Dakshina Kannada,1909,3,550,881.96
2010,Dakshina Kannada,1321,5,679,1088.82
2010,Dakshina Kannada,1295,2,438,702.36
2011,Bengaluru,1781,4,602,1023.27
2011,Bengaluru,1513,4,594,1009.67
2011,Bengaluru,1792,2,560,951.88
2011,Bengaluru,1586,3,637,1082.76
2011,Bengaluru,1366,5,532,904.28
2011,Bengaluru,1724,3,480,815.90
2011,Bengaluru,1300,5,751,1276.54
2011,Bengaluru,1324,5,781,1327.53
2011,Bengaluru,1346,3,662,1125.26
2011,Tumakuru,1780,4,688,1169.45
2011,Tumakuru,1285,5,773,1313.93
2011,Tumakuru,1471,4,473,804.00
2011,Tumakuru,1878,4,634,1077.66
2011,Tumakuru,1643,2,487,827.79
2011,Tumakuru,1693,5,567,963.78
2011,Tumakuru,1200,5,628,1067.46
2011,Tumakuru,1844,2,779,1324.13
2011,Tumakuru,1267,2,441,749.60
2011,Ballari,1613,3,766,1302.03
2011,Ballari,1944,3,473,804.00
2011,Ballari,1513,3,728,1237.44
2011,Ballari,1340,2,595,1011.37
2011,Ballari,1678,3,540,917.88
2011,Ballari,1896,3,458,778.50
2011,Ballari,1494,3,596,1013.07
2011,Ballari,1755,2,653,1109.96
2011,Ballari,1406,2,655,1113.36
2011,Belagavi,1214,5,785,1334.33
2011,Belagavi,1817,5,515,875.39
2011,Belagavi,1398,5,485,824.39
2011,Belagavi,1539,5,569,967.18
2011,Belagavi,1726,2,555,943.38
2011,Belagavi,1581,4,719,1222.14
2011,Belagavi,1749,3,605,1028.37
2011,Belagavi,1987,2,637,1082.76
2011,Belagavi,1341,4,511,868.59
2011,Dakshina Kannada,1993,3,680,1155.85
2011,Dakshina Kannada,1952,2,491,834.59
2011,Dakshina Kannada,1274,4,810,1376.82
2011,Dakshina Kannada,1718,5,508,863.49
2011,Dakshina Kannada,1391,5,812,1380.22
2011,Dakshina Kannada,1617,2,602,1023.27
2011,Dakshina Kannada,1850,4,595,1011.37
2011,Dakshina Kannada,1931,5,791,1344.53
2011,Dakshina Kannada,1776,2,562,955.28
2012,Bengaluru,1221,3,658,1185.56
2012,Bengaluru,1842,3,639,1151.33
2012,Bengaluru,1457,2,609,1097.28
2012,Bengaluru,1889,4,749,1349.52
2012,Bengaluru,1433,3,720,1297.27
2012,Bengaluru,1813,2,827,1490.06
2012,Bengaluru,1318,2,452,814.40
2012,Bengaluru,1543,3,663,1194.57
2012,Bengaluru,1634,2,549,989.17
2012,Tumakuru,1573,4,772,1390.97
2012,Tumakuru,1375,4,446,803.59
2012,Tumakuru,1527,3,640,1153.13
2012,Tumakuru,1304,4,657,1183.76
2012,Tumakuru,1226,5,618,1113.49
2012,Tumakuru,1281,5,540,972.96
2012,Tumakuru,1361,2,769,1385.56
2012,Tumakuru,1624,4,626,1127.91
2012,Tumakuru,1530,5,631,1136.92
2012,Ballari,1606,4,575,1036.02
2012,Ballari,1608,4,612,1102.68
2012,Ballari,1505,4,624,1124.30
2012,Ballari,1485,3,730,1315.29
2012,Ballari,1763,4,771,1389.16
2012,Ballari,1404,2,512,922.51
2012,Ballari,1946,2,828,1491.86
2012,Ballari,1895,4,758,1365.74
2012,Ballari,1284,4,773,1392.77
2012,Belagavi,1925,4,712,1282.86
2012,Belagavi,1386,3,736,1326.10
2012,Belagavi,1384,4,554,998.18
2012,Belagavi,1638,2,785,1414.39
2012,Belagavi,1727,3,482,868.45
2012,Belagavi,1762,2,581,1046.83
2012,Belagavi,1753,3,456,821.61
2012,Belagavi,1543,5,548,987.37
2012,Belagavi,1667,4,573,1032.41
2012,Dakshina Kannada,1341,4,779,1403.58
2012,Dakshina Kannada,1547,2,515,927.91
2012,Dakshina Kannada,1908,5,817,1472.05
2012,Dakshina Kannada,1326,5,730,1315.29
2012,Dakshina Kannada,1391,3,793,1428.80
2012,Dakshina Kannada,1764,5,622,1120.70
2012,Dakshina Kannada,1797,5,782,1408.98
2012,Dakshina Kannada,1403,5,557,1003.59
2012,Dakshina Kannada,1253,3,497,895.48
2013,Bengaluru,1966,2,457,872.81
2013,Bengaluru,1855,4,595,1136.38
2013,Bengaluru,1988,2,662,1264.34
2013,Bengaluru,1947,5,630,1203.22
2013,Bengaluru,1836,5,679,1296.81
2013,Bengaluru,1629,2,697,1331.18
2013,Bengaluru,1634,4,600,1145.92
2013,Bengaluru,1831,2,626,1195.58
2013,Bengaluru,1249,3,789,1506.89
2013,Tumakuru,1952,2,689,1315.90
2013,Tumakuru,1298,2,607,1159.29
2013,Tumakuru,1849,4,669,1277.71
2013,Tumakuru,1511,3,493,941.57
2013,Tumakuru,1926,4,496,947.30
2013,Tumakuru,1630,3,553,1056.16
2013,Tumakuru,1625,4,714,1363.65
2013,Tumakuru,1999,3,712,1359.83
2013,Tumakuru,1785,3,785,1499.25
2013,Ballari,1449,4,658,1256.70
2013,Ballari,1373,4,539,1029.42
2013,Ballari,1423,2,480,916.74
2013,Ballari,1515,4,503,960.67
2013,Ballari,1875,4,768,1466.78
2013,Ballari,1422,4,745,1422.86
2013,Ballari,1972,5,602,1149.74
2013,Ballari,1225,5,642,1226.14
2013,Ballari,1527,5,745,1422.86
2013,Belagavi,1984,3,561,1071.44
2013,Belagavi,1232,4,477,911.01
2013,Belagavi,1674,3,778,1485.88
2013,Belagavi,1400,4,712,1359.83
2013,Belagavi,1937,4,574,1096.27
2013,Belagavi,1655,5,730,1394.21
2013,Belagavi,1424,4,587,1121.10
2013,Belagavi,1799,4,705,1346.46
2013,Belagavi,1860,5,661,1262.43
2013,Dakshina Kannada,1876,3,695,1327.36
2013,Dakshina Kannada,1644,5,822,1569.92
2013,Dakshina Kannada,1525,4,493,941.57
2013,Dakshina Kannada,1640,5,499,953.03
2013,Dakshina Kannada,1958,5,836,1596.66
2013,Dakshina Kannada,1769,3,516,985.50
2013,Dakshina Kannada,1611,5,779,1487.79
2013,Dakshina Kannada,1650,2,679,1296.81
2013,Dakshina Kannada,1836,4,572,1092.45
2014,Bengaluru,1210,3,808,1635.77
2014,Bengaluru,1862,4,619,1253.15
2014,Bengaluru,1963,4,613,1241.00
2014,Bengaluru,1593,5,687,1390.81
2014,Bengaluru,1758,4,576,1166.09
2014,Bengaluru,1760,2,729,1475.84
2014,Bengaluru,1597,4,665,1346.27
2014,Bengaluru,1215,4,802,1623.62
2014,Bengaluru,1978,2,719,1455.59
2014,Tumakuru,1674,3,631,1277.44
2014,Tumakuru,1269,3,711,1439.40
2014,Tumakuru,1990,4,768,1554.79
2014,Tumakuru,1423,2,660,1336.15
2014,Tumakuru,1977,5,644,1303.76
2014,Tumakuru,1832,5,543,1099.29
2014,Tumakuru,1939,4,562,1137.75
2014,Tumakuru,1527,5,713,1443.45
2014,Tumakuru,1608,3,690,1396.88
2014,Ballari,1930,2,825,1670.19
2014,Ballari,1718,3,499,1010.21
2014,Ballari,1331,2,716,1449.52
2014,Ballari,1306,4,675,1366.52
2014,Ballari,1992,5,550,1113.46
2014,Ballari,1688,4,529,1070.94
2014,Ballari,1881,3,653,1321.98
2014,Ballari,1334,5,614,1243.02
2014,Ballari,1266,2,843,1706.63
2014,Belagavi,1213,5,595,1204.56
2014,Belagavi,1489,5,686,1388.78
2014,Belagavi,1518,2,520,1052.72
2014,Belagavi,1409,5,487,985.92
2014,Belagavi,1372,4,671,1358.42
2014,Belagavi,1662,5,677,1370.56
2014,Belagavi,1841,4,618,1251.12
2014,Belagavi,1312,5,751,1520.37
2014,Belagavi,1555,2,582,1178.24
2014,Dakshina Kannada,1254,3,778,1575.04
2014,Dakshina Kannada,1535,3,480,971.74
2014,Dakshina Kannada,1918,3,675,1366.52
2014,Dakshina Kannada,1339,5,818,1656.01
2014,Dakshina Kannada,1795,4,454,919.11
2014,Dakshina Kannada,1879,5,543,1099.29
2014,Dakshina Kannada,1713,3,630,1275.41
2014,Dakshina Kannada,1666,3,674,1364.49
2014,Dakshina Kannada,1716,3,584,1182.29
2015,Bengaluru,1656,2,665,1427.05
2015,Bengaluru,1837,4,708,1519.32
2015,Bengaluru,1318,5,512,1098.72
2015,Bengaluru,1727,4,466,1000.01
2015,Bengaluru,1925,4,605,1298.29
2015,Bengaluru,1211,4,472,1012.88
2015,Bengaluru,1534,4,541,1160.95
2015,Bengaluru,1410,5,571,1225.33
2015,Bengaluru,1569,4,638,1369.11
2015,Tumakuru,1784,4,669,1435.63
2015,Tumakuru,1588,3,543,1165.24
2015,Tumakuru,1787,5,774,1660.95
2015,Tumakuru,1321,5,593,1272.54
2015,Tumakuru,1436,2,483,1036.49
2015,Tumakuru,1201,2,713,1530.05
2015,Tumakuru,1827,3,704,1510.74
2015,Tumakuru,1546,5,544,1167.39
2015,Tumakuru,1567,5,551,1182.41
2015,Ballari,1415,5,692,1484.99
2015,Ballari,1659,4,513,1100.86
2015,Ballari,1942,3,640,1373.40
2015,Ballari,1714,4,666,1429.19
2015,Ballari,1786,5,569,1221.04
2015,Ballari,1493,2,603,1294.00
2015,Ballari,1388,4,721,1547.22
2015,Ballari,1557,2,675,1448.51
2015,Ballari,1859,3,509,1092.28
2015,Belagavi,1550,2,735,1577.26
2015,Belagavi,1557,4,783,1680.27
2015,Belagavi,1799,5,792,1699.58
2015,Belagavi,1984,4,734,1575.12
2015,Belagavi,1331,2,765,1641.64
2015,Belagavi,1852,5,453,972.11
2015,Belagavi,1627,4,663,1422.76
2015,Belagavi,1933,2,719,1542.93
2015,Belagavi,1973,5,485,1040.78
2015,Dakshina Kannada,1417,2,453,972.11
2015,Dakshina Kannada,1605,3,488,1047.22
2015,Dakshina Kannada,1575,3,551,1182.41
2015,Dakshina Kannada,1761,5,680,1459.24
2015,Dakshina Kannada,1816,3,507,1087.99
2015,Dakshina Kannada,1261,2,707,1517.18
2015,Dakshina Kannada,1282,3,528,1133.05
2015,Dakshina Kannada,1430,5,639,1371.25
2015,Dakshina Kannada,1249,4,451,967.82
2016,Bengaluru,1677,4,617,1403.48
2016,Bengaluru,1973,2,779,1771.98
2016,Bengaluru,1559,4,636,1446.70
2016,Bengaluru,1794,5,754,1715.12
2016,Bengaluru,1510,2,665,1512.67
2016,Bengaluru,1890,3,464,1055.46
2016,Bengaluru,1339,3,578,1314.77
2016,Bengaluru,1322,2,704,1601.38
2016,Bengaluru,1702,4,653,1485.37
2016,Tumakuru,1398,3,537,1221.51
2016,Tumakuru,1445,4,467,1062.28
2016,Tumakuru,1971,4,691,1571.81
2016,Tumakuru,1464,4,850,1933.49
2016,Tumakuru,1325,5,727,1653.70
2016,Tumakuru,1911,5,654,1487.65
2016,Tumakuru,1489,4,598,1360.27
2016,Tumakuru,1817,5,719,1635.50
2016,Tumakuru,1670,2,736,1674.17
2016,Ballari,1937,2,543,1235.16
2016,Ballari,1573,2,525,1194.21
2016,Ballari,1265,2,477,1085.03
2016,Ballari,1773,2,823,1872.07
2016,Ballari,1702,4,579,1317.05
2016,Ballari,1411,5,474,1078.20
2016,Ballari,1786,3,465,1057.73
2016,Ballari,1825,3,603,1371.64
2016,Ballari,1385,3,723,1644.60
2016,Belagavi,1416,3,628,1428.51
2016,Belagavi,1398,3,560,1273.83
2016,Belagavi,1284,3,463,1053.18
2016,Belagavi,1820,4,500,1137.35
2016,Belagavi,1944,4,834,1897.09
2016,Belagavi,1692,5,669,1521.77
2016,Belagavi,1753,4,754,1715.12
2016,Belagavi,1882,5,737,1676.45
2016,Belagavi,1750,3,703,1599.11
2016,Dakshina Kannada,1338,5,792,1801.56
2016,Dakshina Kannada,1839,4,843,1917.56
2016,Dakshina Kannada,1718,3,498,1132.80
2016,Dakshina Kannada,1366,2,486,1105.50
2016,Dakshina Kannada,1247,2,766,1742.41
2016,Dakshina Kannada,1253,2,697,1585.46
2016,Dakshina Kannada,1934,3,826,1878.90
2016,Dakshina Kannada,1733,4,614,1396.66
2016,Dakshina Kannada,1966,2,500,1137.35
2017,Bengaluru,1756,3,506,1220.05
2017,Bengaluru,1690,2,794,1914.47
2017,Bengaluru,1930,3,548,1321.32
2017,Bengaluru,1442,4,788,1900.00
2017,Bengaluru,1560,4,844,2035.03
2017,Bengaluru,1310,3,658,1586.55
2017,Bengaluru,1536,2,627,1511.81
2017,Bengaluru,1346,3,808,1948.23
2017,Bengaluru,1624,2,530,1277.92
2017,Tumakuru,1972,5,562,1355.08
2017,Tumakuru,1492,5,500,1205.59
2017,Tumakuru,1839,4,661,1593.79
2017,Tumakuru,1219,2,685,1651.65
2017,Tumakuru,1641,5,478,1152.54
2017,Tumakuru,1565,5,782,1885.54
2017,Tumakuru,1300,4,617,1487.69
2017,Tumakuru,1567,4,856,2063.96
2017,Tumakuru,1221,4,578,1393.66
2017,Ballari,1765,5,641,1545.56
2017,Ballari,1231,4,511,1232.11
2017,Ballari,1799,5,606,1461.17
2017,Ballari,1383,4,785,1892.77
2017,Ballari,1900,3,510,1229.70
2017,Ballari,1800,4,711,1714.34
2017,Ballari,1366,3,639,1540.74
2017,Ballari,1484,4,591,1425.00
2017,Ballari,1291,4,468,1128.43
2017,Belagavi,1867,3,537,1294.80
2017,Belagavi,1382,5,614,1480.46
2017,Belagavi,1532,5,523,1261.04
2017,Belagavi,1327,3,663,1598.61
2017,Belagavi,1804,4,850,2049.50
2017,Belagavi,1371,2,701,1690.23
2017,Belagavi,1655,4,697,1680.59
2017,Belagavi,1399,2,849,2047.09
2017,Belagavi,1648,4,483,1164.60
2017,Dakshina Kannada,1341,5,716,1726.40
2017,Dakshina Kannada,1295,3,500,1205.59
2017,Dakshina Kannada,1522,2,798,1924.12
2017,Dakshina Kannada,1393,4,834,2010.92
2017,Dakshina Kannada,1431,4,649,1564.85
2017,Dakshina Kannada,1456,2,577,1391.25
2017,Dakshina Kannada,1830,2,693,1670.94
2017,Dakshina Kannada,1386,3,577,1391.25
2017,Dakshina Kannada,1425,2,726,1750.51
2018,Bengaluru,1282,2,530,1354.60
2018,Bengaluru,1361,2,558,1426.16
2018,Bengaluru,1817,3,845,2159.69
2018,Bengaluru,1708,2,711,1817.20
2018,Bengaluru,1424,2,559,1428.72
2018,Bengaluru,1447,2,848,2167.36
2018,Bengaluru,1836,2,761,1945.00
2018,Bengaluru,1879,2,590,1507.95
2018,Bengaluru,1788,2,795,2031.90
2018,Tumakuru,1227,5,759,1939.89
2018,Tumakuru,1684,4,532,1359.71
2018,Tumakuru,1618,5,615,1571.84
2018,Tumakuru,1847,4,734,1875.99
2018,Tumakuru,1914,5,850,2172.47
2018,Tumakuru,1805,4,782,1998.67
2018,Tumakuru,1540,5,559,1428.72
2018,Tumakuru,1646,3,744,1901.55
2018,Tumakuru,1865,5,798,2039.56
2018,Ballari,1751,3,687,1755.86
2018,Ballari,1565,5,677,1730.31
2018,Ballari,1410,3,558,1426.16
2018,Ballari,1314,3,815,2083.01
2018,Ballari,1884,4,779,1991.00
2018,Ballari,1349,2,527,1346.93
2018,Ballari,1840,2,709,1812.09
2018,Ballari,1975,5,820,2095.79
2018,Ballari,1670,2,796,2034.45
2018,Belagavi,1737,5,475,1214.03
2018,Belagavi,1625,5,673,1720.08
2018,Belagavi,1928,4,737,1883.66
2018,Belagavi,1901,5,857,2190.36
2018,Belagavi,1359,2,848,2167.36
2018,Belagavi,1956,3,814,2080.46
2018,Belagavi,1553,4,548,1400.60
2018,Belagavi,1410,5,752,1921.99
2018,Belagavi,1956,3,671,1714.97
2018,Dakshina Kannada,1294,3,651,1663.85
2018,Dakshina Kannada,1738,5,674,1722.64
2018,Dakshina Kannada,1235,3,779,1991.00
2018,Dakshina Kannada,1842,5,834,2131.57
2018,Dakshina Kannada,1978,4,599,1530.95
2018,Dakshina Kannada,1528,2,723,1847.87
2018,Dakshina Kannada,1651,4,849,2169.91
2018,Dakshina Kannada,1304,3,603,1541.17
2018,Dakshina Kannada,1262,3,707,1806.98
2019,Bengaluru,1556,5,854,2313.65
2019,Bengaluru,1764,5,640,1733.88
2019,Bengaluru,1491,2,824,2232.38
2019,Bengaluru,1751,5,797,2159.23
2019,Bengaluru,1577,2,674,1826.00
2019,Bengaluru,1400,3,499,1351.89
2019,Bengaluru,1210,5,486,1316.67
2019,Bengaluru,1228,5,493,1335.63
2019,Bengaluru,1791,2,493,1335.63
2019,Tumakuru,1517,3,677,1834.12
2019,Tumakuru,1320,2,765,2072.53
2019,Tumakuru,1853,2,683,1850.38
2019,Tumakuru,1921,4,706,1912.69
2019,Tumakuru,1955,3,736,1993.97
2019,Tumakuru,1345,2,563,1525.28
2019,Tumakuru,1273,4,779,2110.46
2019,Tumakuru,1378,5,728,1972.29
2019,Tumakuru,1698,2,527,1427.75
2019,Ballari,1417,5,759,2056.28
2019,Ballari,1524,2,688,1863.93
2019,Ballari,1374,2,653,1769.10
2019,Ballari,1525,5,603,1633.64
2019,Ballari,1672,5,802,2172.77
2019,Ballari,1957,4,629,1704.08
2019,Ballari,1668,3,650,1760.98
2019,Ballari,1908,5,530,1435.87
2019,Ballari,1456,2,515,1395.23
2019,Belagavi,1594,4,546,1479.22
2019,Belagavi,1295,2,669,1812.45
2019,Belagavi,1475,3,801,2170.06
2019,Belagavi,1213,4,691,1872.05
2019,Belagavi,1789,4,771,2088.79
2019,Belagavi,1560,2,586,1587.59
2019,Belagavi,1344,2,599,1622.81
2019,Belagavi,1355,5,573,1552.37
2019,Belagavi,1613,3,615,1666.15
2019,Dakshina Kannada,1755,5,735,1991.26
2019,Dakshina Kannada,1614,5,601,1628.23
2019,Dakshina Kannada,1517,4,710,1923.53
2019,Dakshina Kannada,1832,2,637,1725.76
2019,Dakshina Kannada,1748,4,790,2140.26
2019,Dakshina Kannada,1991,3,634,1717.63
2019,Dakshina Kannada,1749,3,545,1476.51
2019,Dakshina Kannada,1231,2,557,1509.02
2019,Dakshina Kannada,1921,5,522,1414.20
2020,Bengaluru,1361,5,648,1860.89
2020,Bengaluru,1670,2,761,2185.40
2020,Bengaluru,1906,3,535,1536.38
2020,Bengaluru,1601,2,569,1634.02
2020,Bengaluru,1561,3,498,1430.13
2020,Bengaluru,1858,3,731,2099.25
2020,Bengaluru,1432,4,658,1889.61
2020,Bengaluru,1614,5,868,2492.68
2020,Bengaluru,1972,5,868,2492.68
2020,Tumakuru,1619,2,593,1702.95
2020,Tumakuru,1753,5,547,1570.84
2020,Tumakuru,1227,3,858,2463.96
2020,Tumakuru,1650,2,830,2383.55
2020,Tumakuru,1589,2,645,1852.28
2020,Tumakuru,1880,5,732,2102.12
2020,Tumakuru,1363,2,521,1496.18
2020,Tumakuru,1349,3,801,2300.27
2020,Tumakuru,1917,2,816,2343.34
2020,Ballari,1777,4,634,1820.69
2020,Ballari,1744,3,679,1949.92
2020,Ballari,1202,5,752,2159.55
2020,Ballari,1564,4,742,2130.84
2020,Ballari,1540,4,571,1639.77
2020,Ballari,1715,4,718,2061.91
2020,Ballari,1759,3,802,2303.14
2020,Ballari,1208,2,503,1444.49
2020,Ballari,1534,4,670,1924.07
2020,Belagavi,1220,3,648,1860.89
2020,Belagavi,1230,4,551,1582.33
2020,Belagavi,1276,3,508,1458.85
2020,Belagavi,1787,4,497,1427.26
2020,Belagavi,1228,4,846,2429.50
2020,Belagavi,1821,5,632,1814.94
2020,Belagavi,1211,4,838,2406.52
2020,Belagavi,1836,4,566,1625.41
2020,Belagavi,1598,3,549,1576.59
2020,Dakshina Kannada,1805,5,754,2165.30
2020,Dakshina Kannada,1990,3,771,2214.12
2020,Dakshina Kannada,1393,4,856,2458.21
2020,Dakshina Kannada,1877,2,832,2389.29
2020,Dakshina Kannada,1525,4,712,2044.68
2020,Dakshina Kannada,1327,4,723,2076.27
2020,Dakshina Kannada,1520,5,737,2116.48
2020,Dakshina Kannada,1857,3,552,1585.20
2020,Dakshina Kannada,1242,5,556,1596.69
2021,Bengaluru,1760,4,600,1826.43
2021,Bengaluru,1977,2,737,2243.47
2021,Bengaluru,1922,5,736,2240.42
2021,Bengaluru,1523,5,768,2337.83
2021,Bengaluru,1226,2,571,1738.15
2021,Bengaluru,1548,5,543,1652.92
2021,Bengaluru,1867,2,778,2368.27
2021,Bengaluru,1979,3,842,2563.09
2021,Bengaluru,1299,5,521,1585.95
2021,Tumakuru,1923,2,583,1774.68
2021,Tumakuru,1757,3,785,2389.58
2021,Tumakuru,1963,3,721,2194.76
2021,Tumakuru,1440,2,856,2605.71
2021,Tumakuru,1246,5,806,2453.50
2021,Tumakuru,1934,4,715,2176.50
2021,Tumakuru,1934,2,768,2337.83
2021,Tumakuru,1725,5,656,1996.90
2021,Tumakuru,1338,3,497,1512.89
2021,Ballari,1589,5,750,2283.04
2021,Ballari,1395,5,820,2496.12
2021,Ballari,1348,4,572,1741.20
2021,Ballari,1467,3,653,1987.76
2021,Ballari,1274,4,782,2380.45
2021,Ballari,1745,4,724,2203.89
2021,Ballari,1553,4,798,2429.15
2021,Ballari,1665,4,705,2146.06
2021,Ballari,1337,2,786,2392.62
2021,Belagavi,1423,5,871,2651.37
2021,Belagavi,1251,2,629,1914.71
2021,Belagavi,1588,5,576,1753.37
2021,Belagavi,1742,2,753,2292.17
2021,Belagavi,1841,5,822,2502.21
2021,Belagavi,1234,4,511,1555.51
2021,Belagavi,1878,2,832,2532.65
2021,Belagavi,1358,5,603,1835.56
2021,Belagavi,1378,3,743,2261.73
2021,Dakshina Kannada,1904,3,867,2639.19
2021,Dakshina Kannada,1297,2,656,1996.90
2021,Dakshina Kannada,1844,3,821,2499.17
2021,Dakshina Kannada,1272,5,504,1534.20
2021,Dakshina Kannada,1679,5,709,2158.23
2021,Dakshina Kannada,1490,2,859,2614.84
2021,Dakshina Kannada,1768,2,753,2292.17
2021,Dakshina Kannada,1836,3,643,1957.32
2021,Dakshina Kannada,1444,4,619,1884.27
2022,Bengaluru,1880,5,530,1710.15
2022,Bengaluru,1554,4,628,2026.36
2022,Bengaluru,1823,5,602,1942.47
2022,Bengaluru,1279,3,601,1939.24
2022,Bengaluru,1680,2,573,1848.90
2022,Bengaluru,1207,3,562,1813.40
2022,Bengaluru,1854,5,792,2555.54
2022,Bengaluru,1541,4,790,2549.09
2022,Bengaluru,1459,2,711,2294.18
2022,Tumakuru,1864,2,572,1845.67
2022,Tumakuru,1245,4,755,2436.15
2022,Tumakuru,1733,4,650,2097.35
2022,Tumakuru,1680,2,698,2252.23
2022,Tumakuru,1623,2,698,2252.23
2022,Tumakuru,1239,4,715,2307.09
2022,Tumakuru,1717,3,766,2471.65
2022,Tumakuru,1437,3,499,1610.12
2022,Tumakuru,1599,4,523,1687.56
2022,Ballari,1696,5,504,1626.25
2022,Ballari,1341,2,581,1874.71
2022,Ballari,1754,5,540,1742.41
2022,Ballari,1802,3,502,1619.80
2022,Ballari,1491,3,780,2516.82
2022,Ballari,1759,4,554,1787.59
2022,Ballari,1497,3,684,2207.06
2022,Ballari,1756,5,619,1997.32
2022,Ballari,1779,4,489,1577.85
2022,Belagavi,1893,3,730,2355.49
2022,Belagavi,1433,5,770,2484.55
2022,Belagavi,1490,3,613,1977.96
2022,Belagavi,1792,5,568,1832.76
2022,Belagavi,1888,3,675,2178.02
2022,Belagavi,1539,5,587,1894.07
2022,Belagavi,1871,3,512,1652.07
2022,Belagavi,1703,3,541,1745.64
2022,Belagavi,1962,3,624,2013.46
2022,Dakshina Kannada,1402,4,837,2700.74
2022,Dakshina Kannada,1955,4,616,1987.64
2022,Dakshina Kannada,1488,5,560,1806.95
2022,Dakshina Kannada,1641,2,524,1690.79
2022,Dakshina Kannada,1606,5,785,2532.95
2022,Dakshina Kannada,1461,3,691,2229.65
2022,Dakshina Kannada,1521,3,878,2833.04
2022,Dakshina Kannada,1290,4,543,1752.09
2022,Dakshina Kannada,1241,3,621,2003.78
